Time,Accumulated,Consumption
2026-07-19 19:00:00,7484.4,0
2026-07-19 21:00:00,7488.8,4.4
2026-07-19 23:00:00,7492.8,4.0
2026-07-20 01:00:00,7496.1,3.3
2026-07-20 03:00:00,7499.1,3.0
2026-07-20 05:00:00,7503.7,4.6
2026-07-20 07:00:00,7510.5,6.8
2026-07-20 09:00:00,7536.8,26.3
2026-07-20 11:00:00,7581.8,45.0
2026-07-20 13:00:00,7619.4,37.6
2026-07-20 15:00:00,7665.9,46.5
2026-07-20 17:00:00,7712.9,47.0
2026-07-20 19:00:00,7731.2,18.3
2026-07-20 21:00:00,7736.5,5.3
2026-07-20 23:00:00,7742.2,5.7
2026-07-21 01:00:00,7747.9,5.7
2026-07-21 03:00:00,7752.9,5.0
2026-07-21 05:00:00,7758.2,5.3
2026-07-21 07:00:00,7764.9,6.7
2026-07-21 09:00:00,7791.1,26.2
2026-07-21 11:00:00,7839.1,48.0
2026-07-21 13:00:00,7886.8,47.7
2026-07-21 15:00:00,7932.1,45.3
2026-07-21 17:00:00,7976.2,44.1
2026-07-21 19:00:00,7999.0,22.8
2026-07-21 21:00:00,8006.3,7.3
2026-07-21 23:00:00,8012.7,6.4
2026-07-22 01:00:00,8017.8,5.1
2026-07-22 03:00:00,8022.9,5.1
2026-07-22 05:00:00,8027.4,4.5
2026-07-22 07:00:00,8033.2,5.8
2026-07-22 09:00:00,8059.0,25.8
2026-07-22 11:00:00,8105.3,46.3
2026-07-22 13:00:00,8139.5,34.2
2026-07-22 15:00:00,8183.3,43.8
2026-07-22 17:00:00,8225.2,41.9
2026-07-22 19:00:00,8239.6,14.4
2026-07-22 21:00:00,8246.4,6.8
2026-07-22 23:00:00,8251.5,5.1
2026-07-23 01:00:00,8254.6,3.1
2026-07-23 03:00:00,8257.6,3.0
2026-07-23 05:00:00,8261.0,3.4
2026-07-23 07:00:00,8265.3,4.3
2026-07-23 09:00:00,8294.7,29.4
2026-07-23 11:00:00,8340.0,45.3
2026-07-23 13:00:00,8377.7,37.7
2026-07-23 15:00:00,8414.0,36.3
2026-07-23 17:00:00,8455.0,41.0
2026-07-23 19:00:00,8466.9,11.9
2026-07-23 21:00:00,8470.9,4.0
2026-07-23 23:00:00,8474.1,3.2
2026-07-24 01:00:00,8477.2,3.1
2026-07-24 03:00:00,8480.3,3.1
2026-07-24 05:00:00,8483.4,3.1
2026-07-24 07:00:00,8488.1,4.7
2026-07-24 09:00:00,8508.1,20.0
2026-07-24 11:00:00,8546.9,38.8
2026-07-24 13:00:00,8577.9,31.0
2026-07-24 15:00:00,8617.1,39.2
2026-07-24 17:00:00,8659.7,42.6
2026-07-24 19:00:00,8674.3,14.6
2026-07-24 21:00:00,8678.9,4.6
2026-07-24 23:00:00,8682.3,3.4
2026-07-25 01:00:00,8685.5,3.2
2026-07-25 03:00:00,8688.5,3.0
2026-07-25 05:00:00,8691.4,2.9
2026-07-25 07:00:00,8697.2,5.8
2026-07-25 09:00:00,8722.0,24.8
2026-07-25 11:00:00,8767.3,45.3
2026-07-25 13:00:00,8801.0,33.7
2026-07-25 15:00:00,8818.6,17.6
2026-07-25 17:00:00,8835.1,16.5
2026-07-25 19:00:00,8840.6,5.5
2026-07-25 21:00:00,8843.4,2.8
2026-07-25 23:00:00,8846.7,3.3
2026-07-26 01:00:00,8849.9,3.2
2026-07-26 03:00:00,8852.7,2.8
2026-07-26 05:00:00,8855.5,2.8
2026-07-26 07:00:00,8860.7,5.2
2026-07-26 09:00:00,8874.2,13.5
2026-07-26 11:00:00,8901.6,27.4
2026-07-26 13:00:00,8919.3,17.7
2026-07-26 15:00:00,8937.3,18.0
2026-07-26 17:00:00,8944.8,7.5
2026-07-26 19:00:00,8947.5,2.7
2026-07-26 21:00:00,8950.7,3.2
2026-07-26 23:00:00,8954.2,3.5
2026-07-27 01:00:00,8957.5,3.3
2026-07-27 03:00:00,8960.5,3.0
2026-07-27 05:00:00,8964.9,4.4
2026-07-27 07:00:00,8967.8,2.9
2026-07-27 09:00:00,8992.8,25.0
2026-07-27 11:00:00,9035.6,42.8
2026-07-27 13:00:00,9074.7,39.1
2026-07-27 15:00:00,9112.3,37.6
2026-07-27 17:00:00,9150.4,38.1
2026-07-27 19:00:00,9165.2,14.8
2026-07-27 21:00:00,9169.2,4.0
2026-07-27 23:00:00,9173.8,4.6
2026-07-28 01:00:00,9178.4,4.6
2026-07-28 03:00:00,9182.6,4.2
2026-07-28 05:00:00,9187.1,4.5
2026-07-28 07:00:00,9190.6,3.5
2026-07-28 09:00:00,9214.0,23.4
2026-07-28 11:00:00,9261.3,47.3
2026-07-28 13:00:00,9294.1,32.8
2026-07-28 15:00:00,9338.8,44.7
2026-07-28 17:00:00,9381.3,42.5
2026-07-28 19:00:00,9395.0,13.7
2026-07-28 21:00:00,9401.1,6.1
2026-07-28 23:00:00,9405.4,4.3
2026-07-29 01:00:00,9410.4,5.0
2026-07-29 03:00:00,9415.5,5.1
2026-07-29 05:00:00,9421.0,5.5
2026-07-29 07:00:00,9424.8,3.8
2026-07-29 09:00:00,9447.9,23.1
2026-07-29 11:00:00,9492.0,44.1
2026-07-29 13:00:00,9533.3,41.3
2026-07-29 15:00:00,9580.5,47.2
2026-07-29 17:00:00,9625.7,45.2
2026-07-29 19:00:00,9640.8,15.1
2026-07-29 21:00:00,9645.1,4.3
2026-07-29 23:00:00,9648.8,3.7
2026-07-30 01:00:00,9652.3,3.5
2026-07-30 03:00:00,9655.7,3.4
2026-07-30 05:00:00,9659.8,4.1
2026-07-30 07:00:00,9662.9,3.1
2026-07-30 09:00:00,9695.7,32.8
2026-07-30 11:00:00,9739.7,44.0
2026-07-30 13:00:00,9779.5,39.8
2026-07-30 15:00:00,9823.4,43.9
2026-07-30 17:00:00,9867.0,43.6
2026-07-30 19:00:00,9884.1,17.1
2026-07-30 21:00:00,9897.8,13.7
2026-07-30 23:00:00,9906.0,8.2
2026-07-31 01:00:00,9910.0,4.0
2026-07-31 03:00:00,9913.6,3.6
2026-07-31 05:00:00,9918.2,4.6
2026-07-31 07:00:00,9921.7,3.5
2026-07-31 09:00:00,9946.4,24.7
2026-07-31 11:00:00,9983.8,37.4
2026-07-31 13:00:00,10021.0,37.2
2026-07-31 15:00:00,10061.5,40.5
2026-07-31 17:00:00,10099.7,38.2
2026-07-31 19:00:00,10114.5,14.8
2026-07-31 21:00:00,10119.1,4.6
2026-07-31 23:00:00,10123.0,3.9
2026-08-01 01:00:00,10126.6,3.6
2026-08-01 03:00:00,10130.1,3.5
2026-08-01 05:00:00,10133.6,3.5
2026-08-01 07:00:00,10138.7,5.1
2026-08-01 09:00:00,10162.7,24.0
2026-08-01 11:00:00,10206.7,44.0
2026-08-01 13:00:00,10240.9,34.2
2026-08-01 15:00:00,10264.9,24.0
2026-08-01 17:00:00,10284.9,20.0
2026-08-01 19:00:00,10291.7,6.8
2026-08-01 21:00:00,10296.3,4.6
2026-08-01 23:00:00,10300.4,4.1
2026-08-02 01:00:00,10304.5,4.1
2026-08-02 03:00:00,10308.8,4.3
2026-08-02 05:00:00,10313.0,4.2
2026-08-02 07:00:00,10316.8,3.8
2026-08-02 09:00:00,10327.3,10.5
2026-08-02 11:00:00,10352.8,25.5
2026-08-02 13:00:00,10373.9,21.1
2026-08-02 15:00:00,10394.1,20.2
2026-08-02 17:00:00,10414.0,19.9
2026-08-02 19:00:00,10420.3,6.3
2026-08-02 21:00:00,10425.2,4.9
2026-08-02 23:00:00,10429.4,4.2
2026-08-03 01:00:00,10432.8,3.4
2026-08-03 03:00:00,10436.0,3.2
2026-08-03 05:00:00,10439.7,3.7
2026-08-03 07:00:00,10443.1,3.4
2026-08-03 09:00:00,10467.4,24.3
2026-08-03 11:00:00,10507.0,39.6
2026-08-03 13:00:00,10543.7,36.7
2026-08-03 15:00:00,10581.8,38.1
2026-08-03 17:00:00,10613.6,31.8
2026-08-03 19:00:00,10624.8,11.2
2026-08-03 21:00:00,10634.8,10.0
2026-08-03 23:00:00,10639.8,5.0
2026-08-04 01:00:00,10643.3,3.5
2026-08-04 03:00:00,10646.7,3.4
2026-08-04 05:00:00,10650.1,3.4
2026-08-04 07:00:00,10653.7,3.6
2026-08-04 09:00:00,10676.8,23.1
2026-08-04 11:00:00,10716.9,40.1
2026-08-04 13:00:00,10752.9,36.0
2026-08-04 15:00:00,10798.6,45.7
2026-08-04 17:00:00,10840.2,41.6
2026-08-04 19:00:00,10857.3,17.1
2026-08-04 21:00:00,10861.8,4.5
2026-08-04 23:00:00,10866.8,5.0
2026-08-05 01:00:00,10868.9,2.1
2026-08-05 03:00:00,10872.2,3.3
2026-08-05 05:00:00,10875.8,3.6
2026-08-05 07:00:00,10878.8,3.0
2026-08-05 09:00:00,10910.4,31.6
2026-08-05 11:00:00,10959.3,48.9
2026-08-05 13:00:00,10993.7,34.4
2026-08-05 15:00:00,11033.2,39.5
2026-08-05 17:00:00,11073.4,40.2
2026-08-05 19:00:00,11086.8,13.4
2026-08-05 21:00:00,11090.9,4.1
2026-08-05 23:00:00,11094.3,3.4
2026-08-06 01:00:00,11097.7,3.4
2026-08-06 03:00:00,11100.8,3.1
2026-08-06 05:00:00,11103.8,3.0
2026-08-06 07:00:00,11107.0,3.2
2026-08-06 09:00:00,11134.5,27.5
2026-08-06 11:00:00,11157.6,23.1
2026-08-06 13:00:00,11181.6,24.0
2026-08-06 15:00:00,11222.5,40.9
2026-08-06 17:00:00,11264.2,41.7
2026-08-06 19:00:00,11281.2,17.0
2026-08-06 21:00:00,11285.4,4.2
2026-08-06 23:00:00,11288.5,3.1
2026-08-07 01:00:00,11291.6,3.1
2026-08-07 03:00:00,11294.7,3.1
2026-08-07 05:00:00,11297.8,3.1
2026-08-07 07:00:00,11302.0,4.2
2026-08-07 09:00:00,11329.3,27.3
2026-08-07 11:00:00,11375.5,46.2
2026-08-07 13:00:00,11419.4,43.9
2026-08-07 15:00:00,11460.6,41.2
2026-08-07 17:00:00,11502.2,41.6
2026-08-07 19:00:00,11515.1,12.9
2026-08-07 21:00:00,11519.2,4.1
2026-08-07 23:00:00,11522.8,3.6
2026-08-08 01:00:00,11526.1,3.3
2026-08-08 03:00:00,11529.3,3.2
2026-08-08 05:00:00,11532.5,3.2
2026-08-08 07:00:00,11535.2,2.7
2026-08-08 09:00:00,11560.8,25.6
2026-08-08 11:00:00,11603.4,42.6
2026-08-08 13:00:00,11641.8,38.4
2026-08-08 15:00:00,11680.7,38.9
2026-08-08 17:00:00,11714.6,33.9
2026-08-08 19:00:00,11725.7,11.1
2026-08-08 21:00:00,11730.8,5.1
2026-08-08 23:00:00,11734.1,3.3
2026-08-09 01:00:00,11737.1,3.0
2026-08-09 03:00:00,11740.0,2.9
2026-08-09 05:00:00,11742.9,2.9
2026-08-09 07:00:00,11745.5,2.6
2026-08-09 09:00:00,11758.2,12.7
2026-08-09 11:00:00,11781.7,23.5
2026-08-09 13:00:00,11804.5,22.8
2026-08-09 15:00:00,11837.8,33.3
2026-08-09 17:00:00,11860.8,23.0
2026-08-09 19:00:00,11864.2,3.4
2026-08-09 21:00:00,11867.8,3.6
2026-08-09 23:00:00,11870.9,3.1
2026-08-10 01:00:00,11873.8,2.9
2026-08-10 03:00:00,11876.7,2.9
2026-08-10 05:00:00,11879.6,2.9
2026-08-10 07:00:00,11882.0,2.4
2026-08-10 09:00:00,11908.7,26.7
2026-08-10 11:00:00,11948.1,39.4
2026-08-10 13:00:00,11974.7,26.6
2026-08-10 15:00:00,12009.5,34.8
2026-08-10 17:00:00,12046.9,37.4
2026-08-10 19:00:00,12062.6,15.7
2026-08-10 21:00:00,12066.2,3.6
2026-08-10 23:00:00,12069.5,3.3
2026-08-11 01:00:00,12072.5,3.0
2026-08-11 03:00:00,12075.5,3.0
2026-08-11 05:00:00,12078.2,2.7
2026-08-11 07:00:00,12082.6,4.4
2026-08-11 09:00:00,12111.6,29.0
2026-08-11 11:00:00,12155.0,43.4
2026-08-11 13:00:00,12189.2,34.2
2026-08-11 15:00:00,12231.9,42.7
2026-08-11 17:00:00,12273.6,41.7
2026-08-11 19:00:00,12293.0,19.4
2026-08-11 21:00:00,12300.0,7.0
2026-08-11 23:00:00,12303.3,3.3
2026-08-12 01:00:00,12306.3,3.0
2026-08-12 03:00:00,12309.3,3.0
2026-08-12 05:00:00,12312.2,2.9
2026-08-12 07:00:00,12314.5,2.3
2026-08-12 09:00:00,12341.6,27.1
2026-08-12 11:00:00,12388.5,46.9
2026-08-12 13:00:00,12427.4,38.9
2026-08-12 15:00:00,12477.5,50.1
2026-08-12 17:00:00,12524.4,46.9
2026-08-12 19:00:00,12543.5,19.1
2026-08-12 21:00:00,12553.2,9.7
2026-08-12 23:00:00,12556.3,3.1
2026-08-13 01:00:00,12559.3,3.0
2026-08-13 03:00:00,12562.3,3.0
2026-08-13 05:00:00,12565.3,3.0
2026-08-13 07:00:00,12567.7,2.4
2026-08-13 09:00:00,12600.4,32.7
2026-08-13 11:00:00,12653.9,53.5
2026-08-13 13:00:00,12695.8,41.9
2026-08-13 15:00:00,12742.6,46.8
2026-08-13 17:00:00,12789.9,47.3
2026-08-13 19:00:00,12808.2,18.3
2026-08-13 21:00:00,12811.8,3.6
2026-08-13 23:00:00,12815.0,3.2
2026-08-14 01:00:00,12818.0,3.0
2026-08-14 03:00:00,12820.9,2.9
2026-08-14 05:00:00,12823.9,3.0
2026-08-14 07:00:00,12826.1,2.2
2026-08-14 09:00:00,12856.1,30.0
2026-08-14 11:00:00,12911.7,55.6
2026-08-14 13:00:00,12953.8,42.1
2026-08-14 15:00:00,12996.4,42.6
2026-08-14 17:00:00,13041.1,44.7
2026-08-14 19:00:00,13050.8,9.7
2026-08-14 21:00:00,13054.1,3.3
2026-08-14 23:00:00,13057.2,3.1
2026-08-15 01:00:00,13060.2,3.0
2026-08-15 03:00:00,13063.0,2.8
2026-08-15 05:00:00,13066.0,3.0
2026-08-15 07:00:00,13068.5,2.5
2026-08-15 09:00:00,13096.9,28.4
2026-08-15 11:00:00,13140.5,43.6
2026-08-15 13:00:00,13178.2,37.7
2026-08-15 15:00:00,13213.1,34.9
2026-08-15 17:00:00,13239.5,26.4
2026-08-15 19:00:00,13247.3,7.8
2026-08-15 21:00:00,13254.1,6.8
2026-08-15 23:00:00,13257.3,3.2
2026-08-16 01:00:00,13260.2,2.9
2026-08-16 03:00:00,13263.2,3.0
2026-08-16 05:00:00,13266.0,2.8
2026-08-16 07:00:00,13268.4,2.4
2026-08-16 09:00:00,13279.1,10.7
2026-08-16 11:00:00,13304.5,25.4
2026-08-16 13:00:00,13321.6,17.1
2026-08-16 15:00:00,13344.8,23.2
2026-08-16 17:00:00,13367.1,22.3
2026-08-16 19:00:00,13373.5,6.4
2026-08-16 21:00:00,13376.2,2.7
2026-08-16 23:00:00,13379.4,3.2
2026-08-17 01:00:00,13382.6,3.2
2026-08-17 03:00:00,13385.6,3.0
2026-08-17 05:00:00,13388.6,3.0
2026-08-17 07:00:00,13391.1,2.5
2026-08-17 09:00:00,13413.6,22.5
2026-08-17 11:00:00,13456.6,43.0
2026-08-17 13:00:00,13491.8,35.2
2026-08-17 15:00:00,13537.4,45.6
2026-08-17 17:00:00,13586.4,49.0
2026-08-17 19:00:00,13596.6,10.2
2026-08-17 21:00:00,13601.3,4.7
2026-08-17 23:00:00,13604.4,3.1
2026-08-18 01:00:00,13607.3,2.9
2026-08-18 03:00:00,13610.3,3.0
2026-08-18 05:00:00,13613.2,2.9
2026-08-18 07:00:00,13615.6,2.4
2026-08-18 09:00:00,13648.6,33.0
2026-08-18 11:00:00,13698.0,49.4
2026-08-18 13:00:00,13735.6,37.6
2026-08-18 14:00:00,13756.2,20.6
2026-08-18 15:00:00,13777.1,20.9
2026-08-18 16:00:00,13794.8,17.7
2026-08-18 17:00:00,13812.0,17.2
2026-08-18 18:00:10,13820.8,8.8
2026-08-18 19:00:19,13825.4,4.6
2026-08-18 20:00:26,13829.3,3.9
2026-08-18 21:00:07,13830.8,1.5
2026-08-18 22:00:15,13832.3,1.5
2026-08-18 23:00:25,13833.7,1.4
2026-08-19 00:00:07,13835.0,1.3
2026-08-19 01:00:16,13836.4,1.4
2026-08-19 02:00:24,13837.7,1.3
2026-08-19 03:00:05,13839.0,1.3
2026-08-19 04:00:14,13840.2,1.2
2026-08-19 05:00:23,13841.5,1.3
2026-08-19 06:00:04,13842.9,1.4
2026-08-19 08:00:23,13849.5,6.6
2026-08-19 10:00:01,13892.0,42.5
2026-08-19 11:00:11,13914.9,22.9
2026-08-19 12:00:19,13936.4,21.5
2026-08-19 13:00:02,13951.2,14.8
2026-08-19 14:00:12,13970.8,19.6
2026-08-19 15:00:22,13994.5,23.7
2026-08-19 16:00:27,14016.4,21.9
2026-08-19 17:00:27,14035.5,19.1
2026-08-19 18:00:08,14044.9,9.4
2026-08-19 20:00:26,14047.8,2.9
